https://vnexpress.net/ai-da-thay-trong-hoang-van-hau-hung-dung-4399120.html,thethao
https://vnexpress.net/messi-toi-chua-tung-coi-minh-la-cau-thu-gioi-nhat-4398585.html,thethao
https://vnexpress.net/rangnick-lan-dau-chi-dao-man-utd-cuoi-tuan-nay-4398225.html,thethao
https://vnexpress.net/viet-nam-doi-loi-choi-o-aff-cup-2020-4397984.html,thethao
https://vnexpress.net/vi-sao-hoang-duc-tro-thanh-tru-cot-tuyen-viet-nam-4397508.html,thethao
https://vnexpress.net/viet-nam-thay-doi-the-nao-so-voi-aff-cup-2018-4397029.html,thethao
https://vnexpress.net/man-utd-lam-khach-cua-chelsea-tuan-nay-4395048.html,thethao
https://vnexpress.net/randori-bi-quyet-thanh-cong-cua-judo-nhat-ban-4394398.html,thethao
https://vnexpress.net/messi-nho-thuo-canh-tranh-voi-ronaldo-o-la-liga-4393592.html,thethao
https://vnexpress.net/khoanh-khac-an-tuong-tai-fca-golf-tournament-2021-4392760.html,thethao
https://vnexpress.net/arsenal-dai-chien-liverpool-tuan-nay-4390415.html,thethao
https://vnexpress.net/tran-thua-dieu-chinh-lai-gia-tri-cua-hlv-park-hang-seo-4387630.html,thethao
https://vnexpress.net/phi-hanh-gia-mang-dai-den-judo-4386954.html,thethao
https://vnexpress.net/co-hoi-nao-cho-viet-nam-truoc-nhat-ban-4384260.html,thethao
https://vnexpress.net/man-city-va-cuoc-dao-choi-duoi-mua-o-old-trafford-4383000.html,thethao
https://vnexpress.net/derby-manchester-bai-kiem-tra-quyet-dinh-cua-solskjaer-4382112.html,thethao
https://vnexpress.net/ajax-va-bong-da-tong-luc-kieu-erik-ten-hag-4381808.html,thethao
https://vnexpress.net/nhung-bai-toan-cho-solskjaer-4379194.html,thethao
https://vnexpress.net/tottenham-man-utd-noi-nam-giu-tuong-lai-solskjaer-4378994.html,thethao
https://vnexpress.net/thanh-guom-damocles-da-roi-o-camp-nou-4378107.html,thethao
https://vnexpress.net/man-utd-te-the-nao-duoi-thoi-solskjaer-4377706.html,thethao
https://vnexpress.net/dai-chien-man-utd-liverpool-el-clasico-dien-ra-tuan-nay-4375656.html,thethao
https://vnexpress.net/viet-nam-co-tranh-duoc-bi-kich-cua-thai-lan-sau-vong-loai-world-cup-4373642.html,thethao
https://vnexpress.net/san-co-chau-au-tro-lai-cuoi-tuan-nay-4372505.html,thethao
https://vnexpress.net/tai-sao-viet-nam-chiu-nhieu-phat-den-4371423.html,thethao
https://vnexpress.net/viet-nam-co-the-choi-tan-cong-tot-hon-4371339.html,thethao
https://vnexpress.net/barca-danh-mat-dna-the-nao-4369822.html,thethao
https://vnexpress.net/van-gaal-bong-da-thuan-chat-va-ba-ngay-voi-doi-hang-hai-4369673.html,thethao
https://vnexpress.net/newcastle-se-tro-thanh-man-city-moi-4369387.html,thethao
https://vnexpress.net/doi-tuyen-trung-quoc-manh-hay-yeu-4368303.html,thethao
https://vnexpress.net/mbappe-toi-san-sang-chay-de-messi-duoc-di-bo-4367784.html,thethao
https://vnexpress.net/liverpool-man-city-cuoc-chien-canh-phai-so-9-ao-va-salah-4366527.html,thethao
https://vnexpress.net/liverpool-va-man-city-dai-chien-tuan-nay-4365945.html,thethao
https://vnexpress.net/cach-nguoi-nhat-ngan-ngua-dot-quy-khi-troi-lanh-4392775.html,suckhoe
https://vnexpress.net/bi-quyet-giup-chi-em-khoe-dep-cho-thoi-binh-thuong-moi-4385804.html,suckhoe
https://vnexpress.net/suc-khoe/ung-thu-tuyen-tien-liet-kho-phat-hien-4386555.html,suckhoe
https://vnexpress.net/bi-quyet-phong-dot-quy-cho-nguoi-tren-50-tuoi-mac-mo-mau-cao-4383347.html,suckhoe
https://vnexpress.net/trieu-chung-cua-benh-phoi-tac-nghen-man-tinh-va-covid-19-4385837.html,suckhoe
https://vnexpress.net/tp-hcm-chuan-bi-ke-hoach-tiem-vaccine-tre-em-4375164.html,suckhoe
https://vnexpress.net/mac-them-benh-gan-khi-uong-thuoc-lau-ngay-4373890.html,suckhoe
https://vnexpress.net/tap-doan-so-huu-co-gai-ha-lan-vao-top-3-the-gioi-ve-tiep-can-dinh-duong-4351875.html,suckhoe
https://vnexpress.net/de-nuoc-ngoai-ban-sam-ngoc-linh-gia-gap-10-la-su-ho-then-4395163.html,kinhdoanh
https://vnexpress.net/cach-viettel-xay-dung-cac-thanh-pho-thong-minh-4396951.html,kinhdoanh
https://vnexpress.net/hanh-trinh-vinhomes-bien-vung-dat-khong-thanh-dai-do-thi-hang-dau-4397014.html,kinhdoanh
https://video.vnexpress.net/tin-tuc/nguy-co/gojek-co-phien-ban-hoan-hao-ngay-trong-dich-benh-4397023.html,kinhdoanh
https://vnexpress.net/thanh-toan-dien-tu-tai-viet-nam-con-nhieu-tiem-nang-4380399.html,kinhdoanh
https://vnexpress.net/hanh-trinh-dac-biet-cua-ban-khoe-manh-viet-nam-khoe-manh-4396956.html,kinhdoanh
https://vnexpress.net/tu-bo-thu-nhap-300-trieu-dong-de-den-voi-nganh-logistics-4394803.html,kinhdoanh
https://video.vnexpress.net/tin-tuc/nguy-co/lao-dong-viet-nam-con-lo-hong-ve-ky-nang-4394283.html,kinhdoanh
https://vnexpress.net/to-hop-nghi-duong-sonasea-van-don-harbor-city-hanh-trinh-kham-pha-vinh-dao-4385848.html,kinhdoanh
https://video.vnexpress.net/tin-tuc/nguy-co/viet-nam-van-hap-dan-nha-dau-tu-my-4387320.html,kinhdoanh
https://vnexpress.net/phu-my-hung-ban-giao-dung-han-du-an-hang-sang-the-peak-midtown-4390409.html,kinhdoanh
https://vnexpress.net/hanh-trinh-gan-hai-thap-ky-thoi-hon-vao-da-cua-vicostone-4382942.html,kinhdoanh
https://vnexpress.net/nu-sinh-bo-pho-ve-que-lam-shipper-nuoi-me-4384801.html,kinhdoanh
https://vnexpress.net/chu-dau-tu-nang-cap-can-ho-suc-khoe-tai-nam-sai-gon-4377716.html,kinhdoanh
https://vnexpress.net/shark-phu-chien-luoc-binh-dan-hoa-giup-sunhouse-chiem-linh-thi-truong-4381985.html,kinhdoanh
https://vnexpress.net/mua-bat-dong-san-cuoi-nam-co-nhung-diem-loi-gi-4383318.html,kinhdoanh
https://vnexpress.net/co-hoi-dau-tu-sinh-loi-tu-do-thi-nghi-duong-the-thao-bien-4380938.html,kinhdoanh
https://vnexpress.net/chi-phi-dao-tao-phat-trien-con-nguoi-o-techcombank-khong-bao-gio-giam-4375031.html,kinhdoanh
https://vnexpress.net/con-trai-bau-hien-lam-pho-tong-giam-doc-shb-4379179.html,kinhdoanh
https://vnexpress.net/vega-city-nha-trang-dua-do-thi-nghe-thuat-vao-khong-gian-song-4375563.html,kinhdoanh
https://vnexpress.net/mizuki-park-ra-mat-can-ho-biet-lap-cho-gia-dinh-tre-4367239.html,kinhdoanh
https://video.vnexpress.net/tin-tuc/nguy-co/gui-tiet-kiem-truc-tuyen-tang-truong-3-con-so-4374807.html,kinhdoanh
https://vnexpress.net/ceo-group-2-thap-ky-gay-dung-doanh-nghiep-da-nganh-4376785.html,kinhdoanh
https://vnexpress.net/trien-vong-phuc-hoi-bat-dong-san-trong-trung-tam-tai-chinh-4374070.html,kinhdoanh
https://vnexpress.net/hoian-d-or-du-an-nghi-duong-luu-giu-di-san-pho-hoi-4371687.html,kinhdoanh
https://vnexpress.net/he-thong-resort-bo-sua-trieu-usd-cua-vinamilk-4374561.html,kinhdoanh
https://vnexpress.net/giam-doc-quy-dau-tu-mao-hiem-9x-nhat-dinh-phai-dep-co-hoc-thuc-4374108.html,kinhdoanh
https://vnexpress.net/chao-ban-bat-dong-san-hang-hieu-sang-chau-au-va-trung-dong-4374532.html,kinhdoanh
https://vnexpress.net/cuoc-di-cu-hoi-suc-cua-hang-van-lao-dong-4370953.html,kinhdoanh
https://vnexpress.net/lua-chon-multi-cloud-dang-la-xu-huong-4363241.html,kinhdoanh
https://video.vnexpress.net/tin-tuc/nguy-co/singapore-bien-du-lich-tro-nen-thu-vi-trong-covid-19-ra-sao-4368223.html,kinhdoanh
https://vnexpress.net/la-gi-vung-dat-duoc-danh-thuc-4363828.html,kinhdoanh
https://vnexpress.net/thanh-tuu-trong-ung-dung-cong-nghe-cua-phenikaa-4369144.html,kinhdoanh
https://vnexpress.net/novagroup-tai-cau-truc-de-phat-trien-ben-vung-4369609.html,kinhdoanh
https://vnexpress.net/nam-cau-do-ve-nhung-dia-danh-quen-thuoc-o-tp-hcm-4392193.html,giaoduc
https://vnexpress.net/nhung-cuoc-chia-ly-phia-sau-buc-giang-4379104.html,giaoduc
https://vnexpress.net/di-hoc-hay-o-nha-lua-chon-kho-cua-phu-huynh-my-co-con-duoi-12-tuoi-4366428.html,giaoduc
https://vnexpress.net/9x-viet-tiet-lo-thuc-te-lam-viec-tai-facebook-my-4353114.html,giaoduc
https://vnexpress.net/anh-ngu-ms-hoa-va-hanh-trinh-9-nam-truyen-cam-hung-4352183.html,giaoduc
https://vnexpress.net/8x-bo-viec-luong-nghin-usd-chinh-phuc-thi-truong-nhat-sau-nhieu-lan-pha-san-4341830.html,giaoduc
https://vnexpress.net/13-truong-khoa-cua-dai-hoc-hue-cong-bo-diem-san-xet-tuyen-4340517.html,giaoduc
https://vnexpress.net/lap-trinh-vien-9x-viet-chinh-phuc-nha-tuyen-dung-singapore-4330694.html,giaoduc
https://vnexpress.net/do-thi-ha-gioi-thieu-du-an-nhan-ai-miss-world-4385365.html,giaitri
https://vnexpress.net/adele-bi-don-dinh-hon-4382200.html,giaitri
https://vnexpress.net/viet-tu-toi-muon-khan-gia-tu-hao-ve-tinh-hoa-van-hoa-viet-4363170.html,giaitri
